{"Text": {"Word List": ["acceptsp", "20000"]}, "Color Moments": {"Colour Features": [1.0, 241.82269660016618, 77670.99784300446, 158.35815420887445, 38165.005853283306, 34035.683194369456, 1.0, 239.73730339309432, 76878.92557922703, 158.2292454910792, 37815.985687643224, 33985.5850936557, 1.0, 242.4240522970985, 78014.78238623713, 158.32791008105244, 38241.26631223746, 34017.41576882488]}, "Texture": {"Contrast": 615.0416337025316, "Dissimilarity": 9.433023470464136, "Homogeneity": 0.5019732088818553, "Energy": 0.13262236915429243, "Coorelation": 0.839205042376685}, "Shape": {"Mean Area": 151364.0, "Std Area": 0.0, "Mean Perimeter": 1590.0, "Std Perimeter": 0.0, "Mean Aspect Ratio": 0.6604166666666667, "Std Aspect Ratio": 0.0, "Mean Centroid X": 158.5, "Std Centroid X": 0.0, "Mean Centroid Y": 240.0, "Std Centroid Y": 0.0}, "Pattern": {"Entropy": 5.431147575378418}}